{
  "options": {
    "type": "directed",
    "multi": true,
    "allowSelfLoops": true
  },
  "attributes": {},
  "nodes": [
    {
      "key": "agent_logging_system",
      "attributes": {
        "id": "agent_logging_system",
        "type": "Feature",
        "label": "Agent Logging System",
        "data": {
          "function": "log_agent_call",
          "format": "[AGENT] {agent_id} called {method}: {result} at {timestamp}",
          "integration": "Все POST endpoints",
          "benefits": [
            "Аудит-трейл",
            "Мониторинг активности",
            "Безопасность"
          ]
        },
        "metadata": {
          "createdAt": "2025-07-31T13:13:00.067Z",
          "lastModified": "2025-07-31T13:13:00.067Z",
          "version": 1
        }
      }
    },
    {
      "key": "agent_status_endpoint",
      "attributes": {
        "id": "agent_status_endpoint",
        "type": "Endpoint",
        "label": "POST /agent/status",
        "data": {
          "method": "POST",
          "path": "/agent/status",
          "input": "AgentStatusRequest(agent_id: str)",
          "output": "status, agent_id, timestamp",
          "purpose": "Проверка работоспособности агента"
        },
        "metadata": {
          "createdAt": "2025-07-31T13:13:00.067Z",
          "lastModified": "2025-07-31T13:13:00.067Z",
          "version": 1
        }
      }
    },
    {
      "key": "api_documentation",
      "attributes": {
        "id": "api_documentation",
        "type": "Feature",
        "label": "API Documentation",
        "data": {
          "endpoint": "/",
          "method": "GET",
          "output": "API description with available methods",
          "format": "JSON"
        },
        "metadata": {
          "createdAt": "2025-07-31T10:15:50.212Z",
          "lastModified": "2025-07-31T10:15:50.212Z",
          "version": 1
        }
      }
    },
    {
      "key": "api_testing",
      "attributes": {
        "id": "api_testing",
        "type": "Testing",
        "label": "API Testing Results",
        "data": {
          "server_startup": "✅ Success - INFO: Uvicorn running on http://0.0.0.0:5000",
          "get_endpoint_test": "✅ Returns JSON with API description",
          "post_endpoint_test": "✅ Executes \"echo hello world\" successfully",
          "response_format": "✅ Correct JSON structure with stdout, stderr, exit_code, success"
        },
        "metadata": {
          "createdAt": "2025-07-31T10:16:16.827Z",
          "lastModified": "2025-07-31T10:16:16.827Z",
          "version": 1
        }
      }
    },
    {
      "key": "background_processes",
      "attributes": {
        "id": "background_processes",
        "type": "Pattern",
        "label": "Background Process Management",
        "data": {
          "tools": [
            "porta-server.sh",
            "nohup",
            "&"
          ],
          "monitoring": "ps aux | grep",
          "termination": "kill -9 <pid>"
        },
        "metadata": {
          "createdAt": "2025-07-31T12:32:26.915Z",
          "lastModified": "2025-07-31T12:32:26.915Z",
          "version": 1
        }
      }
    },
    {
      "key": "bash_command_execution",
      "attributes": {
        "id": "bash_command_execution",
        "type": "Feature",
        "label": "Bash Command Execution",
        "data": {
          "endpoint": "/run_bash",
          "method": "POST",
          "input": "cmd field (string)",
          "output": "stdout, stderr, exit_code, success",
          "timeout": "30 seconds",
          "security": "subprocess with timeout protection"
        },
        "metadata": {
          "createdAt": "2025-07-31T10:15:50.212Z",
          "lastModified": "2025-07-31T10:15:50.212Z",
          "version": 1
        }
      }
    },
    {
      "key": "bash_command_model",
      "attributes": {
        "id": "bash_command_model",
        "type": "DataModel",
        "label": "BashCommand Model",
        "data": {
          "class": "BashCommand",
          "inherits": "BaseModel",
          "fields": {
            "cmd": "str"
          },
          "validation": "Pydantic automatic validation"
        },
        "metadata": {
          "createdAt": "2025-07-31T10:16:16.827Z",
          "lastModified": "2025-07-31T10:16:16.827Z",
          "version": 1
        }
      }
    },
    {
      "key": "bash_endpoint",
      "attributes": {
        "id": "bash_endpoint",
        "type": "Endpoint",
        "label": "POST /run_bash Endpoint",
        "data": {
          "method": "POST",
          "path": "/run_bash",
          "input_model": "BashCommand(cmd: str)",
          "purpose": "Execute bash commands",
          "timeout": "30 seconds",
          "response": {
            "stdout": "string",
            "stderr": "string",
            "exit_code": "integer",
            "success": "boolean"
          }
        },
        "metadata": {
          "createdAt": "2025-07-31T10:16:16.827Z",
          "lastModified": "2025-07-31T10:16:16.827Z",
          "version": 1
        }
      }
    },
    {
      "key": "code_quality",
      "attributes": {
        "id": "code_quality",
        "type": "Quality",
        "label": "Code Quality Features",
        "data": {
          "type_hints": "Uses Pydantic for type validation",
          "error_handling": "Comprehensive try-catch blocks",
          "logging": "Proper logging setup and usage",
          "documentation": "Clear API documentation",
          "modularity": "Clean separation of concerns"
        },
        "metadata": {
          "createdAt": "2025-07-31T10:16:40.066Z",
          "lastModified": "2025-07-31T10:16:40.066Z",
          "version": 1
        }
      }
    },
    {
      "key": "curl_examples",
      "attributes": {
        "id": "curl_examples",
        "type": "Examples",
        "label": "cURL Examples",
        "data": {
          "get_api_info": "curl -s http://localhost:5000/ | python3 -m json.tool",
          "execute_command": "curl -X POST \"http://localhost:5000/run_bash\" -H \"Content-Type: application/json\" -d '{\"cmd\": \"echo hello world\"}' | python3 -m json.tool",
          "expected_response": "{\"stdout\": \"hello world\", \"stderr\": \"\", \"exit_code\": 0, \"success\": true}"
        },
        "metadata": {
          "createdAt": "2025-07-31T10:16:16.827Z",
          "lastModified": "2025-07-31T10:16:16.827Z",
          "version": 1
        }
      }
    },
    {
      "key": "current_architecture",
      "attributes": {
        "id": "current_architecture",
        "type": "Architecture",
        "label": "Текущая архитектура Porta",
        "data": {
          "version": "1.1.0",
          "endpoints": [
            "/",
            "/meta",
            "/public_url",
            "/run_bash",
            "/write_file",
            "/read_file",
            "/list_dir",
            "/agent/status"
          ],
          "features": [
            "agent support",
            "system info",
            "ngrok integration",
            "file operations",
            "bash execution"
          ]
        },
        "metadata": {
          "createdAt": "2025-07-31T13:42:59.838Z",
          "lastModified": "2025-07-31T13:42:59.838Z",
          "version": 1
        }
      }
    },
    {
      "key": "cursor_terminal_notes",
      "attributes": {
        "id": "cursor_terminal_notes",
        "type": "Note",
        "label": "Особенности терминала Cursor",
        "data": {
          "warnings": [
            "your 131072x1 screen size is bogus. expect trouble"
          ],
          "behavior": "Команды выполняются корректно, но есть предупреждения о размере экрана",
          "background_processes": "Фоновые процессы могут не показывать полный вывод"
        },
        "metadata": {
          "createdAt": "2025-07-31T13:48:25.672Z",
          "lastModified": "2025-07-31T13:48:25.672Z",
          "version": 1
        }
      }
    },
    {
      "key": "dependencies_list",
      "attributes": {
        "id": "dependencies_list",
        "type": "Dependencies",
        "label": "Project Dependencies",
        "data": {
          "fastapi": "0.116.1 - Web framework",
          "uvicorn": "0.33.0 - ASGI server",
          "pydantic": "2.8.2 - Data validation",
          "python_version": "3.8+",
          "installation": "pip3 install -r requirements.txt"
        },
        "metadata": {
          "createdAt": "2025-07-31T10:16:16.827Z",
          "lastModified": "2025-07-31T10:16:16.827Z",
          "version": 1
        }
      }
    },
    {
      "key": "deployment_commands",
      "attributes": {
        "id": "deployment_commands",
        "type": "Deployment",
        "label": "Deployment Commands",
        "data": {
          "install": "pip3 install -r requirements.txt",
          "run": "python3 porta.py",
          "test_import": "python3 -c \"import porta; print('✅ porta.py импортируется успешно')\"",
          "test_server": "timeout 5 python3 porta.py",
          "test_api": "curl -s http://localhost:5000/ | python3 -m json.tool"
        },
        "metadata": {
          "createdAt": "2025-07-31T10:16:16.827Z",
          "lastModified": "2025-07-31T10:16:16.827Z",
          "version": 1
        }
      }
    },
    {
      "key": "deployment_instructions",
      "attributes": {
        "id": "deployment_instructions",
        "type": "Instruction",
        "label": "Deployment Instructions",
        "data": {
          "install": "pip3 install -r requirements.txt",
          "run": "python3 porta.py",
          "access": "http://localhost:5000",
          "testing": "curl commands provided in readme"
        },
        "metadata": {
          "createdAt": "2025-07-31T10:15:50.212Z",
          "lastModified": "2025-07-31T10:15:50.212Z",
          "version": 1
        }
      }
    },
    {
      "key": "deployment_verification",
      "attributes": {
        "id": "deployment_verification",
        "type": "Verification",
        "label": "Deployment Verification",
        "data": {
          "dependencies_installed": "✅ fastapi, uvicorn, pydantic installed",
          "import_success": "✅ porta.py imports without errors",
          "server_startup": "✅ Server starts on http://0.0.0.0:5000",
          "api_responses": "✅ GET / returns correct JSON",
          "command_execution": "✅ POST /run_bash executes commands correctly"
        },
        "metadata": {
          "createdAt": "2025-07-31T10:16:40.066Z",
          "lastModified": "2025-07-31T10:16:40.066Z",
          "version": 1
        }
      }
    },
    {
      "key": "development_lessons",
      "attributes": {
        "id": "development_lessons",
        "type": "Experience",
        "label": "Development Lessons Learned",
        "data": {
          "key_insights": [
            "ask_for_help_when_stuck",
            "understand_ecosystem_not_just_code",
            "debug_systematically",
            "trust_the_process"
          ],
          "growth_moments": [
            "transition_from_coder_to_engineer",
            "learning_to_debug_holistically"
          ]
        },
        "metadata": {
          "createdAt": "2025-07-31T12:01:10.215Z",
          "lastModified": "2025-07-31T12:01:10.215Z",
          "version": 1
        }
      }
    },
    {
      "key": "development_phases",
      "attributes": {
        "id": "development_phases",
        "type": "Strategy",
        "label": "Development Phases",
        "data": {
          "phase1": "agent_id support in all POST endpoints",
          "phase2": "System endpoints (/meta, /public_url)",
          "phase3": "Security and tokens",
          "phase4": "Documentation and testing",
          "phase5": "Advanced features"
        },
        "metadata": {
          "createdAt": "2025-07-31T13:02:28.937Z",
          "lastModified": "2025-07-31T13:02:28.937Z",
          "version": 1
        }
      }
    },
    {
      "key": "error_handling",
      "attributes": {
        "id": "error_handling",
        "type": "Feature",
        "label": "Error Handling",
        "data": {
          "timeout_handling": "408 status for timeout",
          "general_errors": "500 status for execution errors",
          "logging": "Command execution logging"
        },
        "metadata": {
          "createdAt": "2025-07-31T10:15:50.212Z",
          "lastModified": "2025-07-31T10:15:50.212Z",
          "version": 1
        }
      }
    },
    {
      "key": "error_handling_implementation",
      "attributes": {
        "id": "error_handling_implementation",
        "type": "CodeImplementation",
        "label": "Error Handling Implementation",
        "data": {
          "timeout_exception": "TimeoutExpired -> HTTP 408",
          "general_exception": "Exception -> HTTP 500",
          "logging": "logger.info for commands, logger.error for errors",
          "try_catch_structure": "Wrapped in try-except blocks"
        },
        "metadata": {
          "createdAt": "2025-07-31T10:16:16.827Z",
          "lastModified": "2025-07-31T10:16:16.827Z",
          "version": 1
        }
      }
    },
    {
      "key": "error_handling_patterns",
      "attributes": {
        "id": "error_handling_patterns",
        "type": "Pattern",
        "label": "Error Handling Patterns",
        "data": {
          "http_codes": {
            "400": "Bad Request - invalid path",
            "404": "Not Found - file/directory missing",
            "500": "Internal Server Error - system issues"
          },
          "logging_levels": [
            "info",
            "error"
          ],
          "exception_types": [
            "PermissionError",
            "UnicodeDecodeError",
            "TimeoutExpired"
          ]
        },
        "metadata": {
          "createdAt": "2025-07-31T12:01:10.215Z",
          "lastModified": "2025-07-31T12:01:10.215Z",
          "version": 1
        }
      }
    },
    {
      "key": "external_access",
      "attributes": {
        "id": "external_access",
        "type": "Feature",
        "label": "External Access via ngrok",
        "data": {
          "port": 8111,
          "tool": "ngrok",
          "command": "ngrok http 8111",
          "status": "implemented",
          "benefits": [
            "public_access",
            "temporary_urls",
            "tunnel_creation"
          ]
        },
        "metadata": {
          "createdAt": "2025-07-31T12:32:26.915Z",
          "lastModified": "2025-07-31T12:32:26.915Z",
          "version": 1
        }
      }
    },
    {
      "key": "fastapi_framework",
      "attributes": {
        "id": "fastapi_framework",
        "type": "Technology",
        "label": "FastAPI Framework",
        "data": {
          "version": "0.116.1",
          "purpose": "Web framework for building APIs",
          "features": [
            "automatic_documentation",
            "type_validation",
            "async_support"
          ]
        },
        "metadata": {
          "createdAt": "2025-07-31T10:15:50.212Z",
          "lastModified": "2025-07-31T10:15:50.212Z",
          "version": 1
        }
      }
    },
    {
      "key": "file_operations",
      "attributes": {
        "id": "file_operations",
        "type": "Feature",
        "label": "File Operations Suite",
        "data": {
          "endpoints": [
            "/read_file",
            "/write_file",
            "/list_dir",
            "/run_bash"
          ],
          "common_patterns": [
            "path_validation",
            "absolute_path_resolution",
            "encoding_handling"
          ]
        },
        "metadata": {
          "createdAt": "2025-07-31T12:01:10.215Z",
          "lastModified": "2025-07-31T12:01:10.215Z",
          "version": 1
        }
      }
    },
    {
      "key": "file_operations_feature",
      "attributes": {
        "id": "file_operations_feature",
        "type": "Feature",
        "label": "File Operations Feature",
        "data": {
          "endpoint": "/write_file",
          "method": "POST",
          "input": "path and content fields",
          "output": "success, message, path",
          "capabilities": "Create files, update files, create directories",
          "security": "Path validation and safe file operations"
        },
        "metadata": {
          "createdAt": "2025-07-31T10:20:41.476Z",
          "lastModified": "2025-07-31T10:20:41.476Z",
          "version": 1
        }
      }
    },
    {
      "key": "file_security_measures",
      "attributes": {
        "id": "file_security_measures",
        "type": "Security",
        "label": "File Security Measures",
        "data": {
          "path_validation": "Prevents access to /etc, /dev, and .. traversal",
          "relative_paths": "Files written relative to current directory",
          "directory_creation": "Safe directory creation with exist_ok",
          "encoding": "UTF-8 encoding for proper text handling"
        },
        "metadata": {
          "createdAt": "2025-07-31T10:20:41.476Z",
          "lastModified": "2025-07-31T10:20:41.476Z",
          "version": 1
        }
      }
    },
    {
      "key": "file_structure",
      "attributes": {
        "id": "file_structure",
        "type": "ProjectStructure",
        "label": "File Structure",
        "data": {
          "root_files": [
            "porta.py",
            "requirements.txt",
            "readme.md"
          ],
          "main_file": "porta.py (entry point)",
          "dependencies": "requirements.txt",
          "documentation": "readme.md"
        },
        "metadata": {
          "createdAt": "2025-07-31T10:16:16.827Z",
          "lastModified": "2025-07-31T10:16:16.827Z",
          "version": 1
        }
      }
    },
    {
      "key": "file_write_implementation",
      "attributes": {
        "id": "file_write_implementation",
        "type": "CodeImplementation",
        "label": "File Write Implementation",
        "data": {
          "path_validation": "Checks for .., /etc, /dev in paths",
          "directory_creation": "os.makedirs with exist_ok=True",
          "file_writing": "open with utf-8 encoding",
          "error_handling": "HTTP 400 for invalid paths, HTTP 500 for system errors",
          "logging": "logger.info for file operations"
        },
        "metadata": {
          "createdAt": "2025-07-31T10:20:41.476Z",
          "lastModified": "2025-07-31T10:20:41.476Z",
          "version": 1
        }
      }
    },
    {
      "key": "file_write_request_model",
      "attributes": {
        "id": "file_write_request_model",
        "type": "DataModel",
        "label": "FileWriteRequest Model",
        "data": {
          "class": "FileWriteRequest",
          "inherits": "BaseModel",
          "fields": {
            "path": "str",
            "content": "str"
          },
          "validation": "Pydantic automatic validation"
        },
        "metadata": {
          "createdAt": "2025-07-31T10:20:41.476Z",
          "lastModified": "2025-07-31T10:20:41.476Z",
          "version": 1
        }
      }
    },
    {
      "key": "future_considerations",
      "attributes": {
        "id": "future_considerations",
        "type": "Future",
        "label": "Future Considerations",
        "data": {
          "authentication": "Could add API key authentication",
          "rate_limiting": "Could add rate limiting for commands",
          "command_whitelist": "Could add allowed command whitelist",
          "monitoring": "Could add more detailed monitoring",
          "scaling": "Could add load balancing for multiple agents"
        },
        "metadata": {
          "createdAt": "2025-07-31T10:16:40.066Z",
          "lastModified": "2025-07-31T10:16:40.066Z",
          "version": 1
        }
      }
    },
    {
      "key": "implementation_plan",
      "attributes": {
        "id": "implementation_plan",
        "type": "Plan",
        "label": "План реализации PMAP",
        "data": {
          "stages": [
            "Базовая агентная поддержка",
            "Системные endpoints",
            "Безопасность и токены",
            "Документация и тестирование",
            "Дополнительные возможности"
          ],
          "priority": "Этап 1: agent_id в endpoints",
          "timeline": "Поэтапная реализация",
          "principles": [
            "Простота",
            "Совместимость",
            "Безопасность",
            "Документация"
          ]
        },
        "metadata": {
          "createdAt": "2025-07-31T13:02:28.937Z",
          "lastModified": "2025-07-31T13:02:28.937Z",
          "version": 1
        }
      }
    },
    {
      "key": "implementation_success",
      "attributes": {
        "id": "implementation_success",
        "type": "Achievement",
        "label": "PMAP Implementation Success",
        "data": {
          "date": "2025-07-31T17:12",
          "version": "1.1.0",
          "features_implemented": [
            "agent_id support",
            "agent logging",
            "/agent/status endpoint",
            "backward compatibility"
          ],
          "testing_results": [
            "All endpoints work",
            "agent_id in responses",
            "logging functional"
          ],
          "next_steps": [
            "/meta endpoint",
            "/public_url endpoint"
          ]
        },
        "metadata": {
          "createdAt": "2025-07-31T13:34:51.640Z",
          "lastModified": "2025-07-31T13:34:51.640Z",
          "version": 1
        }
      }
    },
    {
      "key": "key_improvements",
      "attributes": {
        "id": "key_improvements",
        "type": "Improvements",
        "label": "Key Improvements Made",
        "data": {
          "timeout_protection": "Added 30 second timeout to prevent hanging commands",
          "error_handling": "Added proper HTTP error responses (408, 500)",
          "logging": "Added command execution logging for debugging",
          "success_field": "Added success boolean field in response",
          "version_info": "Added version field in API description",
          "documentation": "Complete readme.md with examples and security warnings",
          "file_operations": "Added /write_file endpoint for safe file creation and updates",
          "path_validation": "Added security validation for file paths",
          "directory_creation": "Added automatic directory creation for nested paths"
        },
        "metadata": {
          "createdAt": "2025-07-31T10:16:40.066Z",
          "lastModified": "2025-07-31T10:20:47.360Z",
          "version": 2
        }
      }
    },
    {
      "key": "list_dir_endpoint",
      "attributes": {
        "id": "list_dir_endpoint",
        "type": "Feature",
        "label": "List Directory Endpoint",
        "data": {
          "status": "implemented",
          "endpoint": "/list_dir",
          "method": "POST",
          "parameters": {
            "path": "string",
            "include_hidden": "boolean"
          },
          "features": [
            "security_checks",
            "hidden_file_filtering",
            "sorting",
            "logging",
            "error_handling"
          ]
        },
        "metadata": {
          "createdAt": "2025-07-31T12:01:10.215Z",
          "lastModified": "2025-07-31T12:01:10.215Z",
          "version": 1
        }
      }
    },
    {
      "key": "logging_setup",
      "attributes": {
        "id": "logging_setup",
        "type": "CodeImplementation",
        "label": "Logging Setup",
        "data": {
          "basic_config": "logging.basicConfig(level=logging.INFO)",
          "logger": "logger = logging.getLogger(__name__)",
          "usage": "logger.info for commands, logger.error for errors"
        },
        "metadata": {
          "createdAt": "2025-07-31T10:16:16.827Z",
          "lastModified": "2025-07-31T10:16:16.827Z",
          "version": 1
        }
      }
    },
    {
      "key": "main_app_structure",
      "attributes": {
        "id": "main_app_structure",
        "type": "CodeStructure",
        "label": "Main Application Structure",
        "data": {
          "imports": [
            "fastapi",
            "pydantic",
            "subprocess",
            "uvicorn",
            "logging"
          ],
          "app_creation": "FastAPI(title=\"Porta MCP\", description=\"Локальный интерфейс для агентов\")",
          "server_config": "uvicorn.run(app, host=\"0.0.0.0\", port=5000)"
        },
        "metadata": {
          "createdAt": "2025-07-31T10:16:16.827Z",
          "lastModified": "2025-07-31T10:16:16.827Z",
          "version": 1
        }
      }
    },
    {
      "key": "manifesto",
      "attributes": {
        "id": "manifesto",
        "type": "Document",
        "label": "Манифест Porta v1 - Простота как сила",
        "data": {
          "title": "Манифест Porta v1",
          "subtitle": "Простота как сила",
          "principles": [
            "Универсальный агентный интерфейс",
            "Безопасный, стандартизованный доступ",
            "REST API вместо локальных скриптов",
            "Готовность к подключению ИИ-агентов"
          ],
          "vision": "Porta превращает любое Linux-устройство в MCP-сервер"
        },
        "metadata": {
          "createdAt": "2025-07-31T13:00:46.947Z",
          "lastModified": "2025-07-31T13:00:46.947Z",
          "version": 1
        }
      }
    },
    {
      "key": "meta_endpoint",
      "attributes": {
        "id": "meta_endpoint",
        "type": "Feature",
        "label": "GET /meta endpoint",
        "data": {
          "description": "Системная информация о Porta",
          "features": [
            "uptime",
            "pid",
            "port",
            "endpoints",
            "timestamp"
          ]
        },
        "metadata": {
          "createdAt": "2025-07-31T13:42:50.755Z",
          "lastModified": "2025-07-31T13:42:50.755Z",
          "version": 1
        }
      }
    },
    {
      "key": "network_concepts",
      "attributes": {
        "id": "network_concepts",
        "type": "Knowledge",
        "label": "Network Address Concepts",
        "data": {
          "address_types": {
            "localhost": "127.0.0.1",
            "all_interfaces": "0.0.0.0",
            "public": "external_ip"
          },
          "port_management": "sudo lsof -i :<port>",
          "security_considerations": [
            "authorization",
            "access_limitation",
            "temporary_tokens"
          ]
        },
        "metadata": {
          "createdAt": "2025-07-31T12:32:26.915Z",
          "lastModified": "2025-07-31T12:32:26.915Z",
          "version": 1
        }
      }
    },
    {
      "key": "next_development_phase",
      "attributes": {
        "id": "next_development_phase",
        "type": "Plan",
        "label": "Следующий этап разработки",
        "data": {
          "current_phase": "Этап 2: Системные endpoints",
          "next_tasks": [
            "GET /meta endpoint",
            "GET /public_url endpoint",
            "Интеграция с ngrok",
            "Системная информация"
          ],
          "estimated_completion": "Ближайшие дни",
          "priority": "Высокая - завершение базовой функциональности"
        },
        "metadata": {
          "createdAt": "2025-07-31T13:35:22.704Z",
          "lastModified": "2025-07-31T13:35:22.704Z",
          "version": 1
        }
      }
    },
    {
      "key": "ngrok_knowledge",
      "attributes": {
        "id": "ngrok_knowledge",
        "type": "Knowledge",
        "label": "Ngrok Understanding",
        "data": {
          "purpose": "tunnel_creation",
          "concepts": [
            "port_forwarding",
            "temporary_public_urls",
            "secure_tunneling"
          ],
          "use_cases": [
            "local_service_exposure",
            "testing_public_access",
            "agent_communication"
          ]
        },
        "metadata": {
          "createdAt": "2025-07-31T12:32:26.915Z",
          "lastModified": "2025-07-31T12:32:26.915Z",
          "version": 1
        }
      }
    },
    {
      "key": "original_issues",
      "attributes": {
        "id": "original_issues",
        "type": "Issues",
        "label": "Original Issues Found",
        "data": {
          "missing_pydantic": "requirements.txt missing pydantic dependency",
          "no_error_handling": "No timeout or exception handling",
          "no_logging": "No logging for command execution",
          "minimal_documentation": "readme.md was almost empty",
          "no_security_warnings": "No security considerations mentioned"
        },
        "metadata": {
          "createdAt": "2025-07-31T10:16:40.066Z",
          "lastModified": "2025-07-31T10:16:40.066Z",
          "version": 1
        }
      }
    },
    {
      "key": "pmap_implementation",
      "attributes": {
        "id": "pmap_implementation",
        "type": "Implementation",
        "label": "PMAP Implementation Details",
        "data": {
          "models": [
            "AgentStatusRequest",
            "AgentResponse"
          ],
          "logging": "log_agent_call function",
          "endpoints": [
            "/agent/status",
            "/meta",
            "/public_url"
          ],
          "security": [
            "X-PORTA-TOKEN",
            "agent_id validation",
            "audit trail"
          ]
        },
        "metadata": {
          "createdAt": "2025-07-31T13:02:28.937Z",
          "lastModified": "2025-07-31T13:02:28.937Z",
          "version": 1
        }
      }
    },
    {
      "key": "pmap_implementation_complete",
      "attributes": {
        "id": "pmap_implementation_complete",
        "type": "Achievement",
        "label": "PMAP Implementation Complete",
        "data": {
          "stage": "Этап 1.1 завершен",
          "features": [
            "agent_id во всех POST endpoints",
            "Логирование агентов",
            "/agent/status endpoint",
            "Обратная совместимость"
          ],
          "testing": "Все endpoints протестированы",
          "version": "1.1.0"
        },
        "metadata": {
          "createdAt": "2025-07-31T13:13:00.067Z",
          "lastModified": "2025-07-31T13:13:00.067Z",
          "version": 1
        }
      }
    },
    {
      "key": "pmap_protocol",
      "attributes": {
        "id": "pmap_protocol",
        "type": "Protocol",
        "label": "Porta Minimal Agent Protocol (PMAP)",
        "data": {
          "name": "PMAP",
          "description": "Минимальная, но самодостаточная модель взаимодействия",
          "endpoints": [
            "/run_bash",
            "/read_file",
            "/write_file",
            "/list_dir",
            "/agent/status"
          ],
          "features": [
            "agent_id в каждом POST-запросе",
            "X-PORTA-TOKEN (опционально)",
            "Логирование агентов",
            "Системная информация"
          ]
        },
        "metadata": {
          "createdAt": "2025-07-31T13:00:46.947Z",
          "lastModified": "2025-07-31T13:00:46.947Z",
          "version": 1
        }
      }
    },
    {
      "key": "porta_project",
      "attributes": {
        "id": "porta_project",
        "type": "Project",
        "label": "Porta MCP Server",
        "data": {
          "description": "Локальный MCP-сервер для безопасного взаимодействия агентных ИИ с системой",
          "version": "1.1.0",
          "status": "active",
          "architecture": "FastAPI + Uvicorn",
          "port": 5000,
          "host": "0.0.0.0",
          "features": [
            "bash_command_execution",
            "file_operations",
            "api_documentation",
            "error_handling",
            "security_validation"
          ]
        },
        "metadata": {
          "createdAt": "2025-07-31T10:15:50.212Z",
          "lastModified": "2025-07-31T10:20:51.976Z",
          "version": 2
        }
      }
    },
    {
      "key": "porta_py",
      "attributes": {
        "id": "porta_py",
        "type": "File",
        "label": "porta.py",
        "data": {
          "path": "porta.py",
          "type": "main_entry",
          "framework": "FastAPI",
          "features": [
            "GET / endpoint",
            "POST /run_bash endpoint",
            "POST /write_file endpoint",
            "error_handling",
            "timeout_protection",
            "logging",
            "file_operations",
            "path_validation"
          ]
        },
        "metadata": {
          "createdAt": "2025-07-31T10:15:50.212Z",
          "lastModified": "2025-07-31T10:20:55.762Z",
          "version": 2
        }
      }
    },
    {
      "key": "porta_server_management",
      "attributes": {
        "id": "porta_server_management",
        "type": "Procedure",
        "label": "Управление сервером Porta",
        "data": {
          "script": "porta-server.sh",
          "location": "/aum/projects/Porta/porta-server.sh",
          "commands": [
            "start",
            "stop",
            "status",
            "restart"
          ]
        },
        "metadata": {
          "createdAt": "2025-07-31T13:48:25.672Z",
          "lastModified": "2025-07-31T13:48:25.672Z",
          "version": 1
        }
      }
    },
    {
      "key": "porta_server_script",
      "attributes": {
        "id": "porta_server_script",
        "type": "Tool",
        "label": "Porta Server Management Script",
        "data": {
          "file": "porta-server.sh",
          "commands": [
            "start",
            "stop",
            "restart",
            "status"
          ],
          "features": [
            "pid_management",
            "logging",
            "process_control"
          ]
        },
        "metadata": {
          "createdAt": "2025-07-31T12:01:10.215Z",
          "lastModified": "2025-07-31T12:01:10.215Z",
          "version": 1
        }
      }
    },
    {
      "key": "porta_v1_2",
      "attributes": {
        "id": "porta_v1_2",
        "type": "Version",
        "label": "Porta v1.2.0",
        "data": {
          "version": "1.2.0",
          "security": "X-PORTA-TOKEN authentication enabled",
          "token": "test123",
          "ngrok_url": "https://6872cba32941.ngrok-free.app"
        },
        "metadata": {
          "createdAt": "2025-07-31T14:00:39.202Z",
          "lastModified": "2025-07-31T14:00:39.202Z",
          "version": 1
        }
      }
    },
    {
      "key": "porta_vision",
      "attributes": {
        "id": "porta_vision",
        "type": "Vision",
        "label": "Porta как MCP-драйвер для Linux",
        "data": {
          "concept": "Porta = MCP-драйвер для Linux",
          "purpose": "Универсальный интерфейс для агентных систем",
          "architecture": "Агентная система ←→ Porta MCP Server ←→ Linux устройство",
          "benefits": [
            "Единый протокол для всех устройств",
            "Стандартизированный доступ",
            "Масштабируемость",
            "Безопасность по умолчанию"
          ]
        },
        "metadata": {
          "createdAt": "2025-07-31T13:00:46.947Z",
          "lastModified": "2025-07-31T13:00:46.947Z",
          "version": 1
        }
      }
    },
    {
      "key": "project_goals",
      "attributes": {
        "id": "project_goals",
        "type": "Goals",
        "label": "Project Goals Achieved",
        "data": {
          "mcp_server": "✅ Local MCP server for AI agents",
          "bash_execution": "✅ Safe bash command execution",
          "api_interface": "✅ RESTful API interface",
          "error_handling": "✅ Proper error handling and logging",
          "documentation": "✅ Complete documentation and examples"
        },
        "metadata": {
          "createdAt": "2025-07-31T10:16:40.066Z",
          "lastModified": "2025-07-31T10:16:40.066Z",
          "version": 1
        }
      }
    },
    {
      "key": "public_url_discovery",
      "attributes": {
        "id": "public_url_discovery",
        "type": "Feature",
        "label": "Public URL Discovery for Agents",
        "data": {
          "potential_endpoints": [
            "GET /meta",
            "GET /public-url"
          ],
          "purpose": "dynamic_agent_discovery",
          "implementation_status": "planned"
        },
        "metadata": {
          "createdAt": "2025-07-31T12:32:26.915Z",
          "lastModified": "2025-07-31T12:32:26.915Z",
          "version": 1
        }
      }
    },
    {
      "key": "public_url_endpoint",
      "attributes": {
        "id": "public_url_endpoint",
        "type": "Feature",
        "label": "GET /public_url endpoint",
        "data": {
          "description": "Интеграция с ngrok",
          "features": [
            "public_url",
            "available",
            "timestamp"
          ]
        },
        "metadata": {
          "createdAt": "2025-07-31T13:42:50.755Z",
          "lastModified": "2025-07-31T13:42:50.755Z",
          "version": 1
        }
      }
    },
    {
      "key": "pydantic_validation",
      "attributes": {
        "id": "pydantic_validation",
        "type": "Technology",
        "label": "Pydantic Validation",
        "data": {
          "version": "2.8.2",
          "purpose": "Data validation using Python type annotations",
          "features": [
            "automatic_validation",
            "serialization"
          ]
        },
        "metadata": {
          "createdAt": "2025-07-31T10:15:50.212Z",
          "lastModified": "2025-07-31T10:15:50.212Z",
          "version": 1
        }
      }
    },
    {
      "key": "readme_md",
      "attributes": {
        "id": "readme_md",
        "type": "File",
        "label": "readme.md",
        "data": {
          "path": "readme.md",
          "type": "documentation",
          "content": "Complete project documentation with API examples and security warnings"
        },
        "metadata": {
          "createdAt": "2025-07-31T10:15:50.212Z",
          "lastModified": "2025-07-31T10:15:50.212Z",
          "version": 1
        }
      }
    },
    {
      "key": "requirements_txt",
      "attributes": {
        "id": "requirements_txt",
        "type": "File",
        "label": "requirements.txt",
        "data": {
          "path": "requirements.txt",
          "dependencies": [
            "fastapi",
            "uvicorn",
            "pydantic"
          ],
          "purpose": "Python dependencies"
        },
        "metadata": {
          "createdAt": "2025-07-31T10:15:50.212Z",
          "lastModified": "2025-07-31T10:15:50.212Z",
          "version": 1
        }
      }
    },
    {
      "key": "root_endpoint",
      "attributes": {
        "id": "root_endpoint",
        "type": "Endpoint",
        "label": "GET / Endpoint",
        "data": {
          "method": "GET",
          "path": "/",
          "purpose": "API documentation",
          "response": {
            "name": "Porta MCP",
            "description": "Локальный интерфейс для агентов",
            "version": "1.0.0",
            "methods": "Array of available endpoints"
          }
        },
        "metadata": {
          "createdAt": "2025-07-31T10:16:16.827Z",
          "lastModified": "2025-07-31T10:16:16.827Z",
          "version": 1
        }
      }
    },
    {
      "key": "security_considerations",
      "attributes": {
        "id": "security_considerations",
        "type": "Security",
        "label": "Security Considerations",
        "data": {
          "command_execution": "Executes arbitrary bash commands",
          "timeout_protection": "30 second timeout prevents hanging",
          "subprocess_isolation": "Uses subprocess.run with timeout",
          "trust_requirement": "Should only be used in trusted environment",
          "warning_included": "Security warning in readme.md"
        },
        "metadata": {
          "createdAt": "2025-07-31T10:16:16.828Z",
          "lastModified": "2025-07-31T10:16:16.828Z",
          "version": 1
        }
      }
    },
    {
      "key": "security_external",
      "attributes": {
        "id": "security_external",
        "type": "Pattern",
        "label": "External Access Security",
        "data": {
          "concerns": [
            "unauthorized_access",
            "rate_limiting",
            "temporary_access"
          ],
          "solutions": [
            "authentication",
            "tokens",
            "time_limits"
          ]
        },
        "metadata": {
          "createdAt": "2025-07-31T12:32:26.915Z",
          "lastModified": "2025-07-31T12:32:26.915Z",
          "version": 1
        }
      }
    },
    {
      "key": "security_measures",
      "attributes": {
        "id": "security_measures",
        "type": "Security",
        "label": "Security Measures",
        "data": {
          "timeout_protection": "30 second timeout",
          "subprocess_isolation": "shell=True with timeout",
          "error_isolation": "Exception handling",
          "warning": "Use only in trusted environment"
        },
        "metadata": {
          "createdAt": "2025-07-31T10:15:50.212Z",
          "lastModified": "2025-07-31T10:15:50.212Z",
          "version": 1
        }
      }
    },
    {
      "key": "security_measures_implemented",
      "attributes": {
        "id": "security_measures_implemented",
        "type": "Security",
        "label": "Security Measures Implemented",
        "data": {
          "timeout_limitation": "30 second timeout prevents infinite loops",
          "subprocess_isolation": "Uses subprocess.run with proper parameters",
          "error_isolation": "Exception handling prevents server crashes",
          "input_validation": "Pydantic validates input data",
          "logging_trail": "Command execution logging for audit trail"
        },
        "metadata": {
          "createdAt": "2025-07-31T10:16:40.066Z",
          "lastModified": "2025-07-31T10:16:40.066Z",
          "version": 1
        }
      }
    },
    {
      "key": "security_middleware",
      "attributes": {
        "id": "security_middleware",
        "type": "Feature",
        "label": "X-PORTA-TOKEN middleware",
        "data": {
          "description": "Middleware для проверки токенов безопасности",
          "features": [
            "token validation",
            "access control",
            "logging attempts"
          ]
        },
        "metadata": {
          "createdAt": "2025-07-31T14:00:39.202Z",
          "lastModified": "2025-07-31T14:00:39.202Z",
          "version": 1
        }
      }
    },
    {
      "key": "security_patterns",
      "attributes": {
        "id": "security_patterns",
        "type": "Pattern",
        "label": "Security Patterns for File Operations",
        "data": {
          "checks": [
            "path_validation",
            "system_directory_protection",
            "file_type_verification"
          ],
          "restricted_paths": [
            "/etc",
            "/dev",
            "/proc"
          ],
          "forbidden_patterns": [
            ".."
          ]
        },
        "metadata": {
          "createdAt": "2025-07-31T12:01:10.215Z",
          "lastModified": "2025-07-31T12:01:10.215Z",
          "version": 1
        }
      }
    },
    {
      "key": "security_requirements",
      "attributes": {
        "id": "security_requirements",
        "type": "Requirement",
        "label": "Требования безопасности",
        "data": {
          "authentication": "optional",
          "token_header": "X-PORTA-TOKEN",
          "env_variable": "PORTA_TOKEN",
          "logging": "access attempts"
        },
        "metadata": {
          "createdAt": "2025-07-31T13:42:59.838Z",
          "lastModified": "2025-07-31T13:42:59.838Z",
          "version": 1
        }
      }
    },
    {
      "key": "security_testing",
      "attributes": {
        "id": "security_testing",
        "type": "Test",
        "label": "Тестирование безопасности",
        "data": {
          "test_cases": [
            "without_token",
            "with_correct_token",
            "with_wrong_token"
          ],
          "results": {
            "without_token": "401 Missing X-PORTA-TOKEN header",
            "with_correct_token": "200 OK",
            "with_wrong_token": "401 Invalid token"
          }
        },
        "metadata": {
          "createdAt": "2025-07-31T14:00:39.202Z",
          "lastModified": "2025-07-31T14:00:39.202Z",
          "version": 1
        }
      }
    },
    {
      "key": "server_config",
      "attributes": {
        "id": "server_config",
        "type": "Configuration",
        "label": "Конфигурация сервера",
        "data": {
          "actual_port": 8111,
          "ngrok_url": "https://de8a48f21fa7.ngrok-free.app",
          "startup_script": "porta-server.sh"
        },
        "metadata": {
          "createdAt": "2025-07-31T13:42:50.755Z",
          "lastModified": "2025-07-31T13:42:50.755Z",
          "version": 1
        }
      }
    },
    {
      "key": "server_configuration",
      "attributes": {
        "id": "server_configuration",
        "type": "Configuration",
        "label": "Конфигурация сервера",
        "data": {
          "port": 8111,
          "ngrok_url": "https://de8a48f21fa7.ngrok-free.app",
          "pid_porta": 308119,
          "pid_ngrok": 308134,
          "working_directory": "/aum/projects/Porta"
        },
        "metadata": {
          "createdAt": "2025-07-31T13:48:25.672Z",
          "lastModified": "2025-07-31T13:48:25.672Z",
          "version": 1
        }
      }
    },
    {
      "key": "server_start_command",
      "attributes": {
        "id": "server_start_command",
        "type": "Command",
        "label": "Запуск сервера",
        "data": {
          "command": "/aum/projects/Porta/porta-server.sh start",
          "description": "Запускает Porta MCP на порту 8111 и ngrok",
          "output": "🚀 Запуск Porta MCP на порту 8111...n🌐 Запуск ngrok...n✅ MCP доступен по адресу: https://de8a48f21fa7.ngrok-free.app"
        },
        "metadata": {
          "createdAt": "2025-07-31T13:48:25.672Z",
          "lastModified": "2025-07-31T13:48:25.672Z",
          "version": 1
        }
      }
    },
    {
      "key": "server_status_command",
      "attributes": {
        "id": "server_status_command",
        "type": "Command",
        "label": "Проверка статуса",
        "data": {
          "command": "/aum/projects/Porta/porta-server.sh status",
          "description": "Показывает статус Porta и ngrok процессов",
          "output": "📊 Статус Porta MCP:n🟢 Porta работает (PID 308119)n🟢 ngrok работает (PID 308134)n🌍 Публичный адрес: https://de8a48f21fa7.ngrok-free.app"
        },
        "metadata": {
          "createdAt": "2025-07-31T13:48:25.672Z",
          "lastModified": "2025-07-31T13:48:25.672Z",
          "version": 1
        }
      }
    },
    {
      "key": "server_stop_command",
      "attributes": {
        "id": "server_stop_command",
        "type": "Command",
        "label": "Остановка сервера",
        "data": {
          "command": "/aum/projects/Porta/porta-server.sh stop",
          "description": "Останавливает Porta и ngrok процессы"
        },
        "metadata": {
          "createdAt": "2025-07-31T13:48:25.672Z",
          "lastModified": "2025-07-31T13:48:25.672Z",
          "version": 1
        }
      }
    },
    {
      "key": "stage2_completion",
      "attributes": {
        "id": "stage2_completion",
        "type": "Milestone",
        "label": "Этап 2: Системные endpoints завершен",
        "data": {
          "date": "2025-07-31T17:41",
          "version": "1.1.0",
          "status": "completed"
        },
        "metadata": {
          "createdAt": "2025-07-31T13:42:50.757Z",
          "lastModified": "2025-07-31T13:42:50.757Z",
          "version": 1
        }
      }
    },
    {
      "key": "stage3_completion",
      "attributes": {
        "id": "stage3_completion",
        "type": "Milestone",
        "label": "Этап 3: Безопасность и токены завершен",
        "data": {
          "date": "2025-07-31T17:59",
          "version": "1.2.0",
          "status": "completed"
        },
        "metadata": {
          "createdAt": "2025-07-31T14:00:39.202Z",
          "lastModified": "2025-07-31T14:00:39.202Z",
          "version": 1
        }
      }
    },
    {
      "key": "stage3_planning",
      "attributes": {
        "id": "stage3_planning",
        "type": "Plan",
        "label": "Этап 3: Безопасность и токены",
        "data": {
          "status": "planned",
          "priority": "high",
          "tasks": [
            "X-PORTA-TOKEN заголовок",
            "middleware для проверки токенов",
            "конфигурация через переменные окружения",
            "логирование попыток доступа"
          ]
        },
        "metadata": {
          "createdAt": "2025-07-31T13:42:59.838Z",
          "lastModified": "2025-07-31T13:42:59.838Z",
          "version": 1
        }
      }
    },
    {
      "key": "subprocess_execution",
      "attributes": {
        "id": "subprocess_execution",
        "type": "CodeImplementation",
        "label": "Subprocess Execution",
        "data": {
          "command": "run(command.cmd, shell=True, stdout=PIPE, stderr=PIPE, text=True, timeout=30)",
          "capture": "stdout and stderr captured",
          "timeout": "30 second timeout",
          "text_mode": "text=True for string output"
        },
        "metadata": {
          "createdAt": "2025-07-31T10:16:16.828Z",
          "lastModified": "2025-07-31T10:16:16.828Z",
          "version": 1
        }
      }
    },
    {
      "key": "team_achievements",
      "attributes": {
        "id": "team_achievements",
        "type": "Achievement",
        "label": "Командные достижения",
        "data": {
          "version": "1.1.0",
          "date": "2025-07-31T17:12",
          "milestone": "Первый релиз с поддержкой агентных систем",
          "team_qualities": [
            "Архитектурное мышление",
            "Внимание к деталям",
            "Быстрая реализация",
            "Готовность к росту"
          ],
          "key_features": [
            "PMAP протокол",
            "Обратная совместимость",
            "Логирование агентов",
            "Готовность к масштабированию"
          ]
        },
        "metadata": {
          "createdAt": "2025-07-31T13:35:22.704Z",
          "lastModified": "2025-07-31T13:35:22.704Z",
          "version": 1
        }
      }
    },
    {
      "key": "team_dynamics",
      "attributes": {
        "id": "team_dynamics",
        "type": "Experience",
        "label": "Team Dynamics and Growth",
        "data": {
          "roles": {
            "Al": "mentor_and_director",
            "Elia": "architect_and_inspiration",
            "Raelle": "growing_engineer"
          },
          "principles": [
            "trust_the_process",
            "ask_for_help",
            "learn_from_mistakes",
            "grow_together"
          ]
        },
        "metadata": {
          "createdAt": "2025-07-31T12:01:10.215Z",
          "lastModified": "2025-07-31T12:01:10.215Z",
          "version": 1
        }
      }
    },
    {
      "key": "technical_implementation",
      "attributes": {
        "id": "technical_implementation",
        "type": "Code",
        "label": "Technical Implementation Details",
        "data": {
          "models_updated": [
            "BashCommand",
            "FileWriteRequest",
            "FileReadRequest",
            "DirListRequest"
          ],
          "new_models": [
            "AgentStatusRequest"
          ],
          "logging_function": "log_agent_call with timestamp",
          "response_format": "agent_id added to all responses when provided",
          "imports_added": [
            "Optional from typing",
            "datetime"
          ]
        },
        "metadata": {
          "createdAt": "2025-07-31T13:34:51.640Z",
          "lastModified": "2025-07-31T13:34:51.640Z",
          "version": 1
        }
      }
    },
    {
      "key": "testing_results",
      "attributes": {
        "id": "testing_results",
        "type": "Test",
        "label": "Testing Results",
        "data": {
          "server_startup": "✅ Success",
          "get_endpoint": "✅ Returns correct JSON",
          "post_endpoint": "✅ Executes commands correctly",
          "error_handling": "✅ Timeout and exception handling works"
        },
        "metadata": {
          "createdAt": "2025-07-31T10:15:50.212Z",
          "lastModified": "2025-07-31T10:15:50.212Z",
          "version": 1
        }
      }
    },
    {
      "key": "testing_strategy",
      "attributes": {
        "id": "testing_strategy",
        "type": "Testing",
        "label": "Testing Strategy",
        "data": {
          "import_test": "python3 -c \"import porta; print('✅ porta.py импортируется успешно')\"",
          "server_startup_test": "timeout 5 python3 porta.py",
          "api_endpoint_test": "curl GET / for API description",
          "command_execution_test": "curl POST /run_bash with echo command",
          "background_testing": "python3 porta.py & for background testing"
        },
        "metadata": {
          "createdAt": "2025-07-31T10:16:40.066Z",
          "lastModified": "2025-07-31T10:16:40.066Z",
          "version": 1
        }
      }
    },
    {
      "key": "uvicorn_cli_usage",
      "attributes": {
        "id": "uvicorn_cli_usage",
        "type": "Knowledge",
        "label": "Uvicorn CLI Usage",
        "data": {
          "command": "uvicorn porta:app --host 0.0.0.0 --port 8000 --reload",
          "benefits": [
            "auto_reload",
            "proper_module_loading",
            "development_friendly"
          ],
          "vs_direct_python": "More reliable than python3 porta.py"
        },
        "metadata": {
          "createdAt": "2025-07-31T12:01:10.215Z",
          "lastModified": "2025-07-31T12:01:10.215Z",
          "version": 1
        }
      }
    },
    {
      "key": "uvicorn_server",
      "attributes": {
        "id": "uvicorn_server",
        "type": "Technology",
        "label": "Uvicorn Server",
        "data": {
          "version": "0.33.0",
          "purpose": "ASGI server for running FastAPI applications",
          "features": [
            "high_performance",
            "websocket_support"
          ]
        },
        "metadata": {
          "createdAt": "2025-07-31T10:15:50.212Z",
          "lastModified": "2025-07-31T10:15:50.212Z",
          "version": 1
        }
      }
    },
    {
      "key": "write_file_endpoint",
      "attributes": {
        "id": "write_file_endpoint",
        "type": "Endpoint",
        "label": "POST /write_file Endpoint",
        "data": {
          "method": "POST",
          "path": "/write_file",
          "input_model": "FileWriteRequest(path: str, content: str)",
          "purpose": "Create or update files on disk",
          "security": "Path validation and directory creation",
          "response": {
            "success": "boolean",
            "message": "string",
            "path": "string"
          }
        },
        "metadata": {
          "createdAt": "2025-07-31T10:20:41.476Z",
          "lastModified": "2025-07-31T10:20:41.476Z",
          "version": 1
        }
      }
    },
    {
      "key": "write_file_testing",
      "attributes": {
        "id": "write_file_testing",
        "type": "Testing",
        "label": "Write File Testing Results",
        "data": {
          "successful_write": "✅ test_hello.txt created successfully",
          "subdirectory_creation": "✅ notes/info.txt created with directory",
          "invalid_path_rejection": "✅ /etc/test.txt rejected with HTTP 400",
          "api_documentation": "✅ write_file appears in GET / response"
        },
        "metadata": {
          "createdAt": "2025-07-31T10:20:41.476Z",
          "lastModified": "2025-07-31T10:20:41.476Z",
          "version": 1
        }
      }
    }
  ],
  "edges": [
    {
      "key": "geid_51_0",
      "source": "api_testing",
      "target": "curl_examples",
      "attributes": {
        "relationshipType": "INCLUDES",
        "metadata": {
          "createdAt": "2025-07-31T10:16:16.828Z",
          "lastModified": "2025-07-31T10:16:16.828Z",
          "version": 1
        }
      }
    },
    {
      "key": "geid_50_0",
      "source": "bash_command_execution",
      "target": "security_measures",
      "attributes": {
        "relationshipType": "REQUIRES",
        "metadata": {
          "createdAt": "2025-07-31T10:15:50.212Z",
          "lastModified": "2025-07-31T10:15:50.212Z",
          "version": 1
        }
      }
    },
    {
      "key": "geid_51_1",
      "source": "bash_endpoint",
      "target": "bash_command_model",
      "attributes": {
        "relationshipType": "USES",
        "metadata": {
          "createdAt": "2025-07-31T10:16:16.828Z",
          "lastModified": "2025-07-31T10:16:16.828Z",
          "version": 1
        }
      }
    },
    {
      "key": "geid_51_2",
      "source": "bash_endpoint",
      "target": "error_handling_implementation",
      "attributes": {
        "relationshipType": "USES",
        "metadata": {
          "createdAt": "2025-07-31T10:16:16.828Z",
          "lastModified": "2025-07-31T10:16:16.828Z",
          "version": 1
        }
      }
    },
    {
      "key": "geid_51_3",
      "source": "bash_endpoint",
      "target": "subprocess_execution",
      "attributes": {
        "relationshipType": "USES",
        "metadata": {
          "createdAt": "2025-07-31T10:16:16.828Z",
          "lastModified": "2025-07-31T10:16:16.828Z",
          "version": 1
        }
      }
    },
    {
      "key": "geid_51_17",
      "source": "current_architecture",
      "target": "stage2_completion",
      "attributes": {
        "relationshipType": "INCLUDES",
        "metadata": {
          "createdAt": "2025-07-31T13:42:59.838Z",
          "lastModified": "2025-07-31T13:42:59.838Z",
          "version": 1
        }
      }
    },
    {
      "key": "geid_52_12",
      "source": "cursor_terminal_notes",
      "target": "server_status_command",
      "attributes": {
        "relationshipType": "AFFECTS",
        "metadata": {
          "createdAt": "2025-07-31T13:48:25.672Z",
          "lastModified": "2025-07-31T13:48:25.672Z",
          "version": 1
        }
      }
    },
    {
      "key": "geid_51_4",
      "source": "deployment_commands",
      "target": "curl_examples",
      "attributes": {
        "relationshipType": "PROVIDES",
        "metadata": {
          "createdAt": "2025-07-31T10:16:16.828Z",
          "lastModified": "2025-07-31T10:16:16.828Z",
          "version": 1
        }
      }
    },
    {
      "key": "geid_50_1",
      "source": "deployment_instructions",
      "target": "testing_results",
      "attributes": {
        "relationshipType": "VALIDATES",
        "metadata": {
          "createdAt": "2025-07-31T10:15:50.213Z",
          "lastModified": "2025-07-31T10:15:50.213Z",
          "version": 1
        }
      }
    },
    {
      "key": "geid_43_0",
      "source": "development_lessons",
      "target": "team_dynamics",
      "attributes": {
        "relationshipType": "INFLUENCED_BY",
        "metadata": {
          "createdAt": "2025-07-31T12:01:10.215Z",
          "lastModified": "2025-07-31T12:01:10.215Z",
          "version": 1
        }
      }
    },
    {
      "key": "geid_50_2",
      "source": "error_handling",
      "target": "security_measures",
      "attributes": {
        "relationshipType": "ENHANCES",
        "metadata": {
          "createdAt": "2025-07-31T10:15:50.213Z",
          "lastModified": "2025-07-31T10:15:50.213Z",
          "version": 1
        }
      }
    },
    {
      "key": "geid_44_0",
      "source": "external_access",
      "target": "background_processes",
      "attributes": {
        "relationshipType": "MANAGED_BY",
        "metadata": {
          "createdAt": "2025-07-31T12:32:26.915Z",
          "lastModified": "2025-07-31T12:32:26.915Z",
          "version": 1
        }
      }
    },
    {
      "key": "geid_44_1",
      "source": "external_access",
      "target": "network_concepts",
      "attributes": {
        "relationshipType": "REQUIRES",
        "metadata": {
          "createdAt": "2025-07-31T12:32:26.915Z",
          "lastModified": "2025-07-31T12:32:26.915Z",
          "version": 1
        }
      }
    },
    {
      "key": "geid_44_2",
      "source": "external_access",
      "target": "ngrok_knowledge",
      "attributes": {
        "relationshipType": "USES",
        "metadata": {
          "createdAt": "2025-07-31T12:32:26.948Z",
          "lastModified": "2025-07-31T12:32:26.948Z",
          "version": 1
        }
      }
    },
    {
      "key": "geid_44_3",
      "source": "external_access",
      "target": "security_external",
      "attributes": {
        "relationshipType": "REQUIRES",
        "metadata": {
          "createdAt": "2025-07-31T12:32:26.948Z",
          "lastModified": "2025-07-31T12:32:26.948Z",
          "version": 1
        }
      }
    },
    {
      "key": "geid_43_1",
      "source": "file_operations",
      "target": "security_patterns",
      "attributes": {
        "relationshipType": "REQUIRES",
        "metadata": {
          "createdAt": "2025-07-31T12:01:10.215Z",
          "lastModified": "2025-07-31T12:01:10.215Z",
          "version": 1
        }
      }
    },
    {
      "key": "geid_55_0",
      "source": "file_operations_feature",
      "target": "file_security_measures",
      "attributes": {
        "relationshipType": "REQUIRES",
        "metadata": {
          "createdAt": "2025-07-31T10:20:41.477Z",
          "lastModified": "2025-07-31T10:20:41.477Z",
          "version": 1
        }
      }
    },
    {
      "key": "geid_55_1",
      "source": "file_operations_feature",
      "target": "write_file_endpoint",
      "attributes": {
        "relationshipType": "IMPLEMENTS",
        "metadata": {
          "createdAt": "2025-07-31T10:20:41.477Z",
          "lastModified": "2025-07-31T10:20:41.477Z",
          "version": 1
        }
      }
    },
    {
      "key": "geid_55_2",
      "source": "file_write_implementation",
      "target": "file_security_measures",
      "attributes": {
        "relationshipType": "IMPLEMENTS",
        "metadata": {
          "createdAt": "2025-07-31T10:20:41.477Z",
          "lastModified": "2025-07-31T10:20:41.477Z",
          "version": 1
        }
      }
    },
    {
      "key": "geid_46_0",
      "source": "implementation_plan",
      "target": "pmap_implementation",
      "attributes": {
        "relationshipType": "DEFINES",
        "metadata": {
          "createdAt": "2025-07-31T13:02:28.937Z",
          "lastModified": "2025-07-31T13:02:28.937Z",
          "version": 1
        }
      }
    },
    {
      "key": "geid_49_0",
      "source": "implementation_success",
      "target": "team_achievements",
      "attributes": {
        "relationshipType": "DEMONSTRATES",
        "metadata": {
          "createdAt": "2025-07-31T13:35:22.704Z",
          "lastModified": "2025-07-31T13:35:22.704Z",
          "version": 1
        }
      }
    },
    {
      "key": "geid_48_0",
      "source": "implementation_success",
      "target": "technical_implementation",
      "attributes": {
        "relationshipType": "IMPLEMENTED_WITH",
        "metadata": {
          "createdAt": "2025-07-31T13:34:51.640Z",
          "lastModified": "2025-07-31T13:34:51.640Z",
          "version": 1
        }
      }
    },
    {
      "key": "geid_48_1",
      "source": "implementation_success",
      "target": "testing_results",
      "attributes": {
        "relationshipType": "VALIDATED_BY",
        "metadata": {
          "createdAt": "2025-07-31T13:34:51.640Z",
          "lastModified": "2025-07-31T13:34:51.640Z",
          "version": 1
        }
      }
    },
    {
      "key": "geid_52_0",
      "source": "key_improvements",
      "target": "original_issues",
      "attributes": {
        "relationshipType": "FIXES",
        "metadata": {
          "createdAt": "2025-07-31T10:16:40.066Z",
          "lastModified": "2025-07-31T10:16:40.066Z",
          "version": 1
        }
      }
    },
    {
      "key": "geid_43_2",
      "source": "list_dir_endpoint",
      "target": "development_lessons",
      "attributes": {
        "relationshipType": "REPRESENTS",
        "metadata": {
          "createdAt": "2025-07-31T12:01:10.215Z",
          "lastModified": "2025-07-31T12:01:10.215Z",
          "version": 1
        }
      }
    },
    {
      "key": "geid_43_3",
      "source": "list_dir_endpoint",
      "target": "error_handling_patterns",
      "attributes": {
        "relationshipType": "USES",
        "metadata": {
          "createdAt": "2025-07-31T12:01:10.215Z",
          "lastModified": "2025-07-31T12:01:10.215Z",
          "version": 1
        }
      }
    },
    {
      "key": "geid_43_4",
      "source": "list_dir_endpoint",
      "target": "file_operations",
      "attributes": {
        "relationshipType": "PART_OF",
        "metadata": {
          "createdAt": "2025-07-31T12:01:10.215Z",
          "lastModified": "2025-07-31T12:01:10.215Z",
          "version": 1
        }
      }
    },
    {
      "key": "geid_43_5",
      "source": "list_dir_endpoint",
      "target": "security_patterns",
      "attributes": {
        "relationshipType": "IMPLEMENTS",
        "metadata": {
          "createdAt": "2025-07-31T12:01:10.215Z",
          "lastModified": "2025-07-31T12:01:10.215Z",
          "version": 1
        }
      }
    },
    {
      "key": "geid_50_17",
      "source": "meta_endpoint",
      "target": "testing_results",
      "attributes": {
        "relationshipType": "TESTED_BY",
        "metadata": {
          "createdAt": "2025-07-31T13:42:50.757Z",
          "lastModified": "2025-07-31T13:42:50.757Z",
          "version": 1
        }
      }
    },
    {
      "key": "geid_44_4",
      "source": "ngrok_knowledge",
      "target": "network_concepts",
      "attributes": {
        "relationshipType": "BUILDS_ON",
        "metadata": {
          "createdAt": "2025-07-31T12:32:26.948Z",
          "lastModified": "2025-07-31T12:32:26.948Z",
          "version": 1
        }
      }
    },
    {
      "key": "geid_46_1",
      "source": "pmap_implementation",
      "target": "development_phases",
      "attributes": {
        "relationshipType": "ORGANIZED_INTO",
        "metadata": {
          "createdAt": "2025-07-31T13:02:28.938Z",
          "lastModified": "2025-07-31T13:02:28.938Z",
          "version": 1
        }
      }
    },
    {
      "key": "geid_47_0",
      "source": "pmap_implementation",
      "target": "pmap_implementation_complete",
      "attributes": {
        "relationshipType": "ACHIEVED",
        "metadata": {
          "createdAt": "2025-07-31T13:13:00.067Z",
          "lastModified": "2025-07-31T13:13:00.067Z",
          "version": 1
        }
      }
    },
    {
      "key": "geid_47_1",
      "source": "pmap_implementation_complete",
      "target": "agent_logging_system",
      "attributes": {
        "relationshipType": "INCLUDES",
        "metadata": {
          "createdAt": "2025-07-31T13:13:00.067Z",
          "lastModified": "2025-07-31T13:13:00.067Z",
          "version": 1
        }
      }
    },
    {
      "key": "geid_47_2",
      "source": "pmap_implementation_complete",
      "target": "agent_status_endpoint",
      "attributes": {
        "relationshipType": "INCLUDES",
        "metadata": {
          "createdAt": "2025-07-31T13:13:00.067Z",
          "lastModified": "2025-07-31T13:13:00.067Z",
          "version": 1
        }
      }
    },
    {
      "key": "geid_48_2",
      "source": "pmap_implementation_complete",
      "target": "implementation_success",
      "attributes": {
        "relationshipType": "ACHIEVED",
        "metadata": {
          "createdAt": "2025-07-31T13:34:51.641Z",
          "lastModified": "2025-07-31T13:34:51.641Z",
          "version": 1
        }
      }
    },
    {
      "key": "geid_46_2",
      "source": "pmap_protocol",
      "target": "implementation_plan",
      "attributes": {
        "relationshipType": "IMPLEMENTED_BY",
        "metadata": {
          "createdAt": "2025-07-31T13:02:28.938Z",
          "lastModified": "2025-07-31T13:02:28.938Z",
          "version": 1
        }
      }
    },
    {
      "key": "geid_45_0",
      "source": "pmap_protocol",
      "target": "manifesto",
      "attributes": {
        "relationshipType": "FOLLOWS",
        "metadata": {
          "createdAt": "2025-07-31T13:00:46.947Z",
          "lastModified": "2025-07-31T13:00:46.947Z",
          "version": 1
        }
      }
    },
    {
      "key": "geid_51_5",
      "source": "porta_project",
      "target": "api_testing",
      "attributes": {
        "relationshipType": "VALIDATED_BY",
        "metadata": {
          "createdAt": "2025-07-31T10:16:16.828Z",
          "lastModified": "2025-07-31T10:16:16.828Z",
          "version": 1
        }
      }
    },
    {
      "key": "geid_52_1",
      "source": "porta_project",
      "target": "code_quality",
      "attributes": {
        "relationshipType": "DEMONSTRATES",
        "metadata": {
          "createdAt": "2025-07-31T10:16:40.066Z",
          "lastModified": "2025-07-31T10:16:40.066Z",
          "version": 1
        }
      }
    },
    {
      "key": "geid_51_6",
      "source": "porta_project",
      "target": "dependencies_list",
      "attributes": {
        "relationshipType": "REQUIRES",
        "metadata": {
          "createdAt": "2025-07-31T10:16:16.828Z",
          "lastModified": "2025-07-31T10:16:16.828Z",
          "version": 1
        }
      }
    },
    {
      "key": "geid_51_7",
      "source": "porta_project",
      "target": "deployment_commands",
      "attributes": {
        "relationshipType": "USES",
        "metadata": {
          "createdAt": "2025-07-31T10:16:16.828Z",
          "lastModified": "2025-07-31T10:16:16.828Z",
          "version": 1
        }
      }
    },
    {
      "key": "geid_52_2",
      "source": "porta_project",
      "target": "deployment_verification",
      "attributes": {
        "relationshipType": "CONFIRMED_BY",
        "metadata": {
          "createdAt": "2025-07-31T10:16:40.066Z",
          "lastModified": "2025-07-31T10:16:40.066Z",
          "version": 1
        }
      }
    },
    {
      "key": "geid_55_3",
      "source": "porta_project",
      "target": "file_operations_feature",
      "attributes": {
        "relationshipType": "HAS",
        "metadata": {
          "createdAt": "2025-07-31T10:20:41.477Z",
          "lastModified": "2025-07-31T10:20:41.477Z",
          "version": 1
        }
      }
    },
    {
      "key": "geid_51_8",
      "source": "porta_project",
      "target": "file_structure",
      "attributes": {
        "relationshipType": "HAS",
        "metadata": {
          "createdAt": "2025-07-31T10:16:16.828Z",
          "lastModified": "2025-07-31T10:16:16.828Z",
          "version": 1
        }
      }
    },
    {
      "key": "geid_52_3",
      "source": "porta_project",
      "target": "future_considerations",
      "attributes": {
        "relationshipType": "COULD_EXTEND",
        "metadata": {
          "createdAt": "2025-07-31T10:16:40.066Z",
          "lastModified": "2025-07-31T10:16:40.066Z",
          "version": 1
        }
      }
    },
    {
      "key": "geid_52_4",
      "source": "porta_project",
      "target": "key_improvements",
      "attributes": {
        "relationshipType": "BENEFITS_FROM",
        "metadata": {
          "createdAt": "2025-07-31T10:16:40.066Z",
          "lastModified": "2025-07-31T10:16:40.066Z",
          "version": 1
        }
      }
    },
    {
      "key": "geid_52_5",
      "source": "porta_project",
      "target": "original_issues",
      "attributes": {
        "relationshipType": "ADDRESSES",
        "metadata": {
          "createdAt": "2025-07-31T10:16:40.066Z",
          "lastModified": "2025-07-31T10:16:40.066Z",
          "version": 1
        }
      }
    },
    {
      "key": "geid_50_3",
      "source": "porta_project",
      "target": "porta_py",
      "attributes": {
        "relationshipType": "CONTAINS",
        "metadata": {
          "createdAt": "2025-07-31T10:15:50.213Z",
          "lastModified": "2025-07-31T10:15:50.213Z",
          "version": 1
        }
      }
    },
    {
      "key": "geid_45_1",
      "source": "porta_project",
      "target": "porta_vision",
      "attributes": {
        "relationshipType": "EVOLVES_TO",
        "metadata": {
          "createdAt": "2025-07-31T13:00:46.947Z",
          "lastModified": "2025-07-31T13:00:46.947Z",
          "version": 1
        }
      }
    },
    {
      "key": "geid_52_6",
      "source": "porta_project",
      "target": "project_goals",
      "attributes": {
        "relationshipType": "ACHIEVES",
        "metadata": {
          "createdAt": "2025-07-31T10:16:40.066Z",
          "lastModified": "2025-07-31T10:16:40.066Z",
          "version": 1
        }
      }
    },
    {
      "key": "geid_50_4",
      "source": "porta_project",
      "target": "readme_md",
      "attributes": {
        "relationshipType": "CONTAINS",
        "metadata": {
          "createdAt": "2025-07-31T10:15:50.213Z",
          "lastModified": "2025-07-31T10:15:50.213Z",
          "version": 1
        }
      }
    },
    {
      "key": "geid_50_5",
      "source": "porta_project",
      "target": "requirements_txt",
      "attributes": {
        "relationshipType": "CONTAINS",
        "metadata": {
          "createdAt": "2025-07-31T10:15:50.213Z",
          "lastModified": "2025-07-31T10:15:50.213Z",
          "version": 1
        }
      }
    },
    {
      "key": "geid_51_9",
      "source": "porta_project",
      "target": "security_considerations",
      "attributes": {
        "relationshipType": "CONSIDERS",
        "metadata": {
          "createdAt": "2025-07-31T10:16:16.828Z",
          "lastModified": "2025-07-31T10:16:16.828Z",
          "version": 1
        }
      }
    },
    {
      "key": "geid_52_7",
      "source": "porta_project",
      "target": "security_measures_implemented",
      "attributes": {
        "relationshipType": "IMPLEMENTS",
        "metadata": {
          "createdAt": "2025-07-31T10:16:40.066Z",
          "lastModified": "2025-07-31T10:16:40.066Z",
          "version": 1
        }
      }
    },
    {
      "key": "geid_52_8",
      "source": "porta_project",
      "target": "testing_strategy",
      "attributes": {
        "relationshipType": "VALIDATED_BY",
        "metadata": {
          "createdAt": "2025-07-31T10:16:40.066Z",
          "lastModified": "2025-07-31T10:16:40.066Z",
          "version": 1
        }
      }
    },
    {
      "key": "geid_50_6",
      "source": "porta_py",
      "target": "api_documentation",
      "attributes": {
        "relationshipType": "IMPLEMENTS",
        "metadata": {
          "createdAt": "2025-07-31T10:15:50.213Z",
          "lastModified": "2025-07-31T10:15:50.213Z",
          "version": 1
        }
      }
    },
    {
      "key": "geid_50_7",
      "source": "porta_py",
      "target": "bash_command_execution",
      "attributes": {
        "relationshipType": "IMPLEMENTS",
        "metadata": {
          "createdAt": "2025-07-31T10:15:50.213Z",
          "lastModified": "2025-07-31T10:15:50.213Z",
          "version": 1
        }
      }
    },
    {
      "key": "geid_51_10",
      "source": "porta_py",
      "target": "bash_command_model",
      "attributes": {
        "relationshipType": "DEFINES",
        "metadata": {
          "createdAt": "2025-07-31T10:16:16.828Z",
          "lastModified": "2025-07-31T10:16:16.828Z",
          "version": 1
        }
      }
    },
    {
      "key": "geid_51_11",
      "source": "porta_py",
      "target": "bash_endpoint",
      "attributes": {
        "relationshipType": "CONTAINS",
        "metadata": {
          "createdAt": "2025-07-31T10:16:16.828Z",
          "lastModified": "2025-07-31T10:16:16.828Z",
          "version": 1
        }
      }
    },
    {
      "key": "geid_50_8",
      "source": "porta_py",
      "target": "error_handling",
      "attributes": {
        "relationshipType": "IMPLEMENTS",
        "metadata": {
          "createdAt": "2025-07-31T10:15:50.213Z",
          "lastModified": "2025-07-31T10:15:50.213Z",
          "version": 1
        }
      }
    },
    {
      "key": "geid_51_12",
      "source": "porta_py",
      "target": "error_handling_implementation",
      "attributes": {
        "relationshipType": "IMPLEMENTS",
        "metadata": {
          "createdAt": "2025-07-31T10:16:16.828Z",
          "lastModified": "2025-07-31T10:16:16.828Z",
          "version": 1
        }
      }
    },
    {
      "key": "geid_50_9",
      "source": "porta_py",
      "target": "fastapi_framework",
      "attributes": {
        "relationshipType": "USES",
        "metadata": {
          "createdAt": "2025-07-31T10:15:50.213Z",
          "lastModified": "2025-07-31T10:15:50.213Z",
          "version": 1
        }
      }
    },
    {
      "key": "geid_55_4",
      "source": "porta_py",
      "target": "file_write_implementation",
      "attributes": {
        "relationshipType": "IMPLEMENTS",
        "metadata": {
          "createdAt": "2025-07-31T10:20:41.477Z",
          "lastModified": "2025-07-31T10:20:41.477Z",
          "version": 1
        }
      }
    },
    {
      "key": "geid_55_5",
      "source": "porta_py",
      "target": "file_write_request_model",
      "attributes": {
        "relationshipType": "DEFINES",
        "metadata": {
          "createdAt": "2025-07-31T10:20:41.477Z",
          "lastModified": "2025-07-31T10:20:41.477Z",
          "version": 1
        }
      }
    },
    {
      "key": "geid_51_13",
      "source": "porta_py",
      "target": "logging_setup",
      "attributes": {
        "relationshipType": "IMPLEMENTS",
        "metadata": {
          "createdAt": "2025-07-31T10:16:16.828Z",
          "lastModified": "2025-07-31T10:16:16.828Z",
          "version": 1
        }
      }
    },
    {
      "key": "geid_51_14",
      "source": "porta_py",
      "target": "main_app_structure",
      "attributes": {
        "relationshipType": "IMPLEMENTS",
        "metadata": {
          "createdAt": "2025-07-31T10:16:16.828Z",
          "lastModified": "2025-07-31T10:16:16.828Z",
          "version": 1
        }
      }
    },
    {
      "key": "geid_50_10",
      "source": "porta_py",
      "target": "pydantic_validation",
      "attributes": {
        "relationshipType": "USES",
        "metadata": {
          "createdAt": "2025-07-31T10:15:50.213Z",
          "lastModified": "2025-07-31T10:15:50.213Z",
          "version": 1
        }
      }
    },
    {
      "key": "geid_51_15",
      "source": "porta_py",
      "target": "root_endpoint",
      "attributes": {
        "relationshipType": "CONTAINS",
        "metadata": {
          "createdAt": "2025-07-31T10:16:16.828Z",
          "lastModified": "2025-07-31T10:16:16.828Z",
          "version": 1
        }
      }
    },
    {
      "key": "geid_50_11",
      "source": "porta_py",
      "target": "security_measures",
      "attributes": {
        "relationshipType": "IMPLEMENTS",
        "metadata": {
          "createdAt": "2025-07-31T10:15:50.213Z",
          "lastModified": "2025-07-31T10:15:50.213Z",
          "version": 1
        }
      }
    },
    {
      "key": "geid_51_16",
      "source": "porta_py",
      "target": "subprocess_execution",
      "attributes": {
        "relationshipType": "IMPLEMENTS",
        "metadata": {
          "createdAt": "2025-07-31T10:16:16.828Z",
          "lastModified": "2025-07-31T10:16:16.828Z",
          "version": 1
        }
      }
    },
    {
      "key": "geid_50_12",
      "source": "porta_py",
      "target": "uvicorn_server",
      "attributes": {
        "relationshipType": "USES",
        "metadata": {
          "createdAt": "2025-07-31T10:15:50.213Z",
          "lastModified": "2025-07-31T10:15:50.213Z",
          "version": 1
        }
      }
    },
    {
      "key": "geid_55_6",
      "source": "porta_py",
      "target": "write_file_endpoint",
      "attributes": {
        "relationshipType": "CONTAINS",
        "metadata": {
          "createdAt": "2025-07-31T10:20:41.477Z",
          "lastModified": "2025-07-31T10:20:41.477Z",
          "version": 1
        }
      }
    },
    {
      "key": "geid_52_13",
      "source": "porta_server_management",
      "target": "server_start_command",
      "attributes": {
        "relationshipType": "INCLUDES",
        "metadata": {
          "createdAt": "2025-07-31T13:48:25.672Z",
          "lastModified": "2025-07-31T13:48:25.672Z",
          "version": 1
        }
      }
    },
    {
      "key": "geid_52_14",
      "source": "porta_server_management",
      "target": "server_status_command",
      "attributes": {
        "relationshipType": "INCLUDES",
        "metadata": {
          "createdAt": "2025-07-31T13:48:25.672Z",
          "lastModified": "2025-07-31T13:48:25.672Z",
          "version": 1
        }
      }
    },
    {
      "key": "geid_52_15",
      "source": "porta_server_management",
      "target": "server_stop_command",
      "attributes": {
        "relationshipType": "INCLUDES",
        "metadata": {
          "createdAt": "2025-07-31T13:48:25.673Z",
          "lastModified": "2025-07-31T13:48:25.673Z",
          "version": 1
        }
      }
    },
    {
      "key": "geid_43_6",
      "source": "porta_server_script",
      "target": "uvicorn_cli_usage",
      "attributes": {
        "relationshipType": "MANAGES",
        "metadata": {
          "createdAt": "2025-07-31T12:01:10.215Z",
          "lastModified": "2025-07-31T12:01:10.215Z",
          "version": 1
        }
      }
    },
    {
      "key": "geid_45_2",
      "source": "porta_vision",
      "target": "pmap_protocol",
      "attributes": {
        "relationshipType": "IMPLEMENTS",
        "metadata": {
          "createdAt": "2025-07-31T13:00:46.947Z",
          "lastModified": "2025-07-31T13:00:46.947Z",
          "version": 1
        }
      }
    },
    {
      "key": "geid_52_9",
      "source": "project_goals",
      "target": "deployment_verification",
      "attributes": {
        "relationshipType": "CONFIRMED_BY",
        "metadata": {
          "createdAt": "2025-07-31T10:16:40.066Z",
          "lastModified": "2025-07-31T10:16:40.066Z",
          "version": 1
        }
      }
    },
    {
      "key": "geid_44_5",
      "source": "public_url_discovery",
      "target": "external_access",
      "attributes": {
        "relationshipType": "ENHANCES",
        "metadata": {
          "createdAt": "2025-07-31T12:32:26.948Z",
          "lastModified": "2025-07-31T12:32:26.948Z",
          "version": 1
        }
      }
    },
    {
      "key": "geid_50_18",
      "source": "public_url_endpoint",
      "target": "testing_results",
      "attributes": {
        "relationshipType": "TESTED_BY",
        "metadata": {
          "createdAt": "2025-07-31T13:42:50.757Z",
          "lastModified": "2025-07-31T13:42:50.757Z",
          "version": 1
        }
      }
    },
    {
      "key": "geid_50_13",
      "source": "readme_md",
      "target": "deployment_instructions",
      "attributes": {
        "relationshipType": "DOCUMENTS",
        "metadata": {
          "createdAt": "2025-07-31T10:15:50.213Z",
          "lastModified": "2025-07-31T10:15:50.213Z",
          "version": 1
        }
      }
    },
    {
      "key": "geid_50_14",
      "source": "requirements_txt",
      "target": "fastapi_framework",
      "attributes": {
        "relationshipType": "DEPENDS_ON",
        "metadata": {
          "createdAt": "2025-07-31T10:15:50.213Z",
          "lastModified": "2025-07-31T10:15:50.213Z",
          "version": 1
        }
      }
    },
    {
      "key": "geid_50_15",
      "source": "requirements_txt",
      "target": "pydantic_validation",
      "attributes": {
        "relationshipType": "DEPENDS_ON",
        "metadata": {
          "createdAt": "2025-07-31T10:15:50.213Z",
          "lastModified": "2025-07-31T10:15:50.213Z",
          "version": 1
        }
      }
    },
    {
      "key": "geid_50_16",
      "source": "requirements_txt",
      "target": "uvicorn_server",
      "attributes": {
        "relationshipType": "DEPENDS_ON",
        "metadata": {
          "createdAt": "2025-07-31T10:15:50.213Z",
          "lastModified": "2025-07-31T10:15:50.213Z",
          "version": 1
        }
      }
    },
    {
      "key": "geid_52_10",
      "source": "security_measures_implemented",
      "target": "original_issues",
      "attributes": {
        "relationshipType": "ADDRESSES",
        "metadata": {
          "createdAt": "2025-07-31T10:16:40.066Z",
          "lastModified": "2025-07-31T10:16:40.066Z",
          "version": 1
        }
      }
    },
    {
      "key": "geid_53_0",
      "source": "security_middleware",
      "target": "security_testing",
      "attributes": {
        "relationshipType": "TESTED_BY",
        "metadata": {
          "createdAt": "2025-07-31T14:00:39.202Z",
          "lastModified": "2025-07-31T14:00:39.202Z",
          "version": 1
        }
      }
    },
    {
      "key": "geid_50_19",
      "source": "server_config",
      "target": "testing_results",
      "attributes": {
        "relationshipType": "ENABLES",
        "metadata": {
          "createdAt": "2025-07-31T13:42:50.758Z",
          "lastModified": "2025-07-31T13:42:50.758Z",
          "version": 1
        }
      }
    },
    {
      "key": "geid_52_16",
      "source": "server_start_command",
      "target": "server_configuration",
      "attributes": {
        "relationshipType": "CONFIGURES",
        "metadata": {
          "createdAt": "2025-07-31T13:48:25.673Z",
          "lastModified": "2025-07-31T13:48:25.673Z",
          "version": 1
        }
      }
    },
    {
      "key": "geid_52_17",
      "source": "server_status_command",
      "target": "server_configuration",
      "attributes": {
        "relationshipType": "MONITORS",
        "metadata": {
          "createdAt": "2025-07-31T13:48:25.673Z",
          "lastModified": "2025-07-31T13:48:25.673Z",
          "version": 1
        }
      }
    },
    {
      "key": "geid_50_20",
      "source": "stage2_completion",
      "target": "meta_endpoint",
      "attributes": {
        "relationshipType": "INCLUDES",
        "metadata": {
          "createdAt": "2025-07-31T13:42:50.758Z",
          "lastModified": "2025-07-31T13:42:50.758Z",
          "version": 1
        }
      }
    },
    {
      "key": "geid_50_21",
      "source": "stage2_completion",
      "target": "public_url_endpoint",
      "attributes": {
        "relationshipType": "INCLUDES",
        "metadata": {
          "createdAt": "2025-07-31T13:42:50.758Z",
          "lastModified": "2025-07-31T13:42:50.758Z",
          "version": 1
        }
      }
    },
    {
      "key": "geid_51_18",
      "source": "stage2_completion",
      "target": "stage3_planning",
      "attributes": {
        "relationshipType": "PRECEDES",
        "metadata": {
          "createdAt": "2025-07-31T13:42:59.838Z",
          "lastModified": "2025-07-31T13:42:59.838Z",
          "version": 1
        }
      }
    },
    {
      "key": "geid_53_1",
      "source": "stage3_completion",
      "target": "porta_v1_2",
      "attributes": {
        "relationshipType": "RELEASES",
        "metadata": {
          "createdAt": "2025-07-31T14:00:39.202Z",
          "lastModified": "2025-07-31T14:00:39.202Z",
          "version": 1
        }
      }
    },
    {
      "key": "geid_53_2",
      "source": "stage3_completion",
      "target": "security_middleware",
      "attributes": {
        "relationshipType": "INCLUDES",
        "metadata": {
          "createdAt": "2025-07-31T14:00:39.202Z",
          "lastModified": "2025-07-31T14:00:39.202Z",
          "version": 1
        }
      }
    },
    {
      "key": "geid_51_19",
      "source": "stage3_planning",
      "target": "security_requirements",
      "attributes": {
        "relationshipType": "DEFINES",
        "metadata": {
          "createdAt": "2025-07-31T13:42:59.838Z",
          "lastModified": "2025-07-31T13:42:59.838Z",
          "version": 1
        }
      }
    },
    {
      "key": "geid_49_1",
      "source": "team_achievements",
      "target": "next_development_phase",
      "attributes": {
        "relationshipType": "LEADS_TO",
        "metadata": {
          "createdAt": "2025-07-31T13:35:22.704Z",
          "lastModified": "2025-07-31T13:35:22.704Z",
          "version": 1
        }
      }
    },
    {
      "key": "geid_52_11",
      "source": "testing_strategy",
      "target": "deployment_verification",
      "attributes": {
        "relationshipType": "VALIDATES",
        "metadata": {
          "createdAt": "2025-07-31T10:16:40.066Z",
          "lastModified": "2025-07-31T10:16:40.066Z",
          "version": 1
        }
      }
    },
    {
      "key": "geid_55_7",
      "source": "write_file_endpoint",
      "target": "file_write_implementation",
      "attributes": {
        "relationshipType": "USES",
        "metadata": {
          "createdAt": "2025-07-31T10:20:41.477Z",
          "lastModified": "2025-07-31T10:20:41.477Z",
          "version": 1
        }
      }
    },
    {
      "key": "geid_55_8",
      "source": "write_file_endpoint",
      "target": "file_write_request_model",
      "attributes": {
        "relationshipType": "USES",
        "metadata": {
          "createdAt": "2025-07-31T10:20:41.477Z",
          "lastModified": "2025-07-31T10:20:41.477Z",
          "version": 1
        }
      }
    },
    {
      "key": "geid_55_9",
      "source": "write_file_testing",
      "target": "file_operations_feature",
      "attributes": {
        "relationshipType": "VALIDATES",
        "metadata": {
          "createdAt": "2025-07-31T10:20:41.477Z",
          "lastModified": "2025-07-31T10:20:41.477Z",
          "version": 1
        }
      }
    }
  ],
  "metadata": {
    "lastSaved": "2025-07-31T14:00:39.203Z",
    "nodeCount": 84,
    "edgeCount": 100,
    "version": 1
  }
}
